CAA,Civil Aviation Authority
CAB,Civil Aeronautics Board
CAC,Central Air Conditioning
CAD,Computer Aided Design
CAE,Computer Aided Engineering
CAF,Central African Federation
CAG,Comptroller and Auditor General
CAH,Central Authentication Hub
CAI,Cairo Airport
CAJ,Central Authentication Journal
CAK,Central Authentication Kit
CAL,California
CAM,Computer Aided Manufacturing
CAN,Canada
CAO,Chief Administrative Officer
CAP,Civil Air Patrol
CAQ,Central Authentication Quality
CAR,Central African Republic
CAS,Chemical Abstracts Service
CAT,Computer Aided Translation
CAU,Central Authentication Unit
CAV,Central Authentication Vehicle
CAW,Central Authentication Week
CAX,Central Authentication Exchange
CAY,Central Authentication Year
CAZ,Central Authentication Zone
CBA,Cost Benefit Analysis
CBB,Central Banking Board
CBC,Canadian Broadcasting Corporation
CBD,Central Business District
CBE,Commander of British Empire
CBF,Central Banking Framework
CBG,Central Banking Group
CBH,Central Banking Hub
CBI,Confederation of British Industry
CBJ,Central Banking Journal
CBK,Central Banking Kit
CBL,Central Banking Laboratory
CBM,Condition Based Maintenance
CBN,Central Banking Network
CBO,Congressional Budget Office
CBP,Customs and Border Protection
CBQ,Central Banking Quality
CBR,Central Banking Repository
CBS,Columbia Broadcasting System
CBT,Computer Based Training
CBU,Central Banking Unit
CBV,Central Banking Vehicle
CBW,Central Banking Week
CBX,Central Banking Exchange
CBY,Central Banking Year
CBZ,Central Banking Zone
CCA,Central Communications Alliance
CCB,Central Communications Board
CCC,Civilian Conservation Corps
CCD,Charge Coupled Device
CCE,Central Communications Engineering
CCF,Central Communications Framework
CCG,Central Communications Group
CCH,Central Communications Hub
CCI,Central Communications Interface
CCJ,Central Communications Journal
CCK,Central Communications Kit
CCL,Central Communications Laboratory
CCM,Central Communications Management
CCN,Central Communications Network
CCO,Chief Compliance Officer
CCP,Chinese Communist Party
CCQ,Central Communications Quality
CCR,Central Communications Repository
CCS,Central Communications System
CCT,Central Communications Technology
CCU,Central Communications Unit
CCV,Central Communications Vehicle
CCW,Central Communications Week
CCX,Central Communications Exchange
CCY,Central Communications Year
CCZ,Central Communications Zone
CDA,Central Data Alliance
CDB,Central Data Board
CDC,Centers for Disease Control
CDD,Central Data Development
CDE,Central Data Engineering
CDF,Central Data Framework
CDG,Charles de Gaulle Airport
CDH,Central Data Hub
CDI,Central Data Interface
CDJ,Central Data Journal
CDK,Central Development Kit
CDL,Commercial Driver License
CDM,Central Data Management
CDN,Content Delivery Network
CDO,Chief Data Officer
CDP,Central Data Platform
CDQ,Central Data Quality
CDR,Call Detail Record
CDS,Central Data System
CDT,Central Daylight Time
CDU,Central Data Unit
CDV,Central Data Vehicle
CDW,Central Data Week
CDX,Central Data Exchange
CDY,Central Data Year
CDZ,Central Data Zone
CEA,Central Engineering Alliance
CEB,Central Engineering Board
CEC,Central Engineering Center
CED,Central Engineering Development
CEE,Central and Eastern Europe
CEF,Central Engineering Framework
CEG,Central Engineering Group
CEH,Central Engineering Hub
CEI,Central Engineering Interface
CEJ,Central Engineering Journal
CEK,Central Engineering Kit
CEL,Central Engineering Laboratory
CEM,Central Engineering Management
CEN,Central Engineering Network
CEO,Chief Executive Officer
CEP,Central Engineering Platform
CEQ,Central Engineering Quality
CER,Central Engineering Repository
CES,Consumer Electronics Show
CET,Central European Time
CEU,Central Engineering Unit
CEV,Central Engineering Vehicle
CEW,Central Engineering Week
CEX,Central Engineering Exchange
CEY,Central Engineering Year
CEZ,Central Engineering Zone
CFA,Chartered Financial Analyst
CFB,Central Finance Board
CFC,Chlorofluorocarbon
CFD,Computational Fluid Dynamics
CFE,Central Finance Engineering
CFF,Central Finance Framework
CFG,Configuration
CFH,Central Finance Hub
CFI,Certified Flight Instructor
CFJ,Central Finance Journal
CFK,Central Finance Kit
CFL,Compact Fluorescent Lamp
CFM,Central Finance Management
CFN,Central Finance Network
CFO,Chief Financial Officer
CFP,Certified Financial Planner
CFQ,Central Finance Quality
CFR,Code of Federal Regulations
CFS,Central Finance System
CFT,Central Finance Technology
CFU,Colony Forming Unit
CFV,Central Finance Vehicle
CFW,Central Finance Week
CFX,Central Finance Exchange
CFY,Central Finance Year
CFZ,Central Finance Zone
CGA,Central Graphics Alliance
CGB,Central Graphics Board
CGC,Central Graphics Center
CGD,Central Graphics Development
CGE,Central Graphics Engineering
CGF,Central Graphics Framework
CGG,Central Graphics Group
CGH,Central Graphics Hub
CGI,Computer Generated Imagery
CGJ,Central Graphics Journal
CGK,Central Graphics Kit
CGL,Central Graphics Laboratory
CGM,Central Graphics Management
CGN,Central Graphics Network
CGO,Central Graphics Organization
CGP,Central Graphics Platform
CGQ,Central Graphics Quality
CGR,Central Graphics Repository
CGS,Central Graphics System
CGT,Central Graphics Technology
CGU,Central Graphics Unit
CGV,Central Graphics Vehicle
CGW,Central Graphics Week
CGX,Central Graphics Exchange
CGY,Central Graphics Year
CGZ,Central Graphics Zone
CHA,Central Health Alliance
CHB,Central Health Board
CHC,Central Health Center
CHD,Central Health Development
CHE,Central Health Engineering
CHF,Central Health Framework
CHG,Central Health Group
CHH,Central Health Hub
CHI,Central Health Interface
CHJ,Central Health Journal
CHK,Central Health Kit
CHL,Central Health Laboratory
CHM,Central Health Management
CHN,China
CHO,Central Health Organization
CHP,Central Health Platform
CHQ,Central Health Quality
CHR,Central Health Repository
CHS,Central Health System
CHT,Central Health Technology
CHU,Central Health Unit
CHV,Central Health Vehicle
CHW,Central Health Week
CHX,Central Health Exchange
CHY,Central Health Year
CHZ,Central Health Zone
CIA,Central Intelligence Agency
CIB,Central Intelligence Board
CIC,Central Intelligence Center
CID,Central Intelligence Development
CIE,Central Intelligence Engineering
CIF,Central Intelligence Framework
CIG,Central Intelligence Group
CIH,Central Intelligence Hub
CII,Central Intelligence Interface
CIJ,Central Intelligence Journal
CIK,Central Intelligence Kit
CIL,Central Intelligence Laboratory
CIM,Central Intelligence Management
CIN,Central Intelligence Network
CIO,Chief Information Officer
CIP,Central Intelligence Platform
CIQ,Central Intelligence Quality
CIR,Central Intelligence Repository
CIS,Commonwealth of Independent States
CIT,Central Intelligence Technology
CIU,Central Intelligence Unit
CIV,Central Intelligence Vehicle
CIW,Central Intelligence Week
CIX,Central Intelligence Exchange
CIY,Central Intelligence Year
CIZ,Central Intelligence Zone
CJA,Central Justice Alliance
CJB,Central Justice Board
CJC,Central Justice Center
CJD,Creutzfeldt-Jakob Disease
CJE,Central Justice Engineering
CJF,Central Justice Framework
CJG,Central Justice Group
CJH,Central Justice Hub
CJI,Central Justice Interface
CJJ,Central Justice Journal
CJK,Central Justice Kit
CJL,Central Justice Laboratory
CJM,Central Justice Management
CJN,Central Justice Network
CJO,Central Justice Organization
CJP,Central Justice Platform
CJQ,Central Justice Quality
CJR,Central Justice Repository
CJS,Central Justice System
CJT,Central Justice Technology
CJU,Central Justice Unit
CJV,Central Justice Vehicle
CJW,Central Justice Week
CJX,Central Justice Exchange
CJY,Central Justice Year
CJZ,Central Justice Zone
CKA,Central Knowledge Alliance
CKB,Central Knowledge Board
CKC,Central Knowledge Center
CKD,Central Knowledge Development
CKE,Central Knowledge Engineering
CKF,Central Knowledge Framework
CKG,Central Knowledge Group
CKH,Central Knowledge Hub
CKI,Central Knowledge Interface
CKJ,Central Knowledge Journal
CKK,Central Knowledge Kit
CKL,Central Knowledge Laboratory
CKM,Central Knowledge Management
CKN,Central Knowledge Network
CKO,Chief Knowledge Officer
CKP,Central Knowledge Platform
CKQ,Central Knowledge Quality
CKR,Central Knowledge Repository
CKS,Central Knowledge System
CKT,Central Knowledge Technology
CKU,Central Knowledge Unit
CKV,Central Knowledge Vehicle
CKW,Central Knowledge Week
CKX,Central Knowledge Exchange
CKY,Central Knowledge Year
CKZ,Central Knowledge Zone
CLA,Central Legal Alliance
CLB,Central Legal Board
CLC,Central Legal Center
CLD,Central Legal Development
CLE,Central Legal Engineering
CLF,Central Legal Framework
CLG,Central Legal Group
CLH,Central Legal Hub
CLI,Command Line Interface
CLJ,Central Legal Journal
CLK,Central Legal Kit
CLL,Central Legal Laboratory
CLM,Central Legal Management
CLN,Central Legal Network
CLO,Chief Legal Officer
CLP,Central Legal Platform
CLQ,Central Legal Quality
CLR,Central Legal Repository
CLS,Central Legal System
CLT,Central Legal Technology
CLU,Central Legal Unit
CLV,Central Legal Vehicle
CLW,Central Legal Week
CLX,Central Legal Exchange
CLY,Central Legal Year
CLZ,Central Legal Zone
CMA,Central Marketing Alliance
CMB,Central Marketing Board
CMC,Central Marketing Center
CMD,Command
CME,Central Marketing Engineering
CMF,Central Marketing Framework
CMG,Central Marketing Group
CMH,Central Marketing Hub
CMI,Central Marketing Interface
CMJ,Central Marketing Journal
CMK,Central Marketing Kit
CML,Central Marketing Laboratory
CMM,Capability Maturity Model
CMN,Central Marketing Network
CMO,Chief Marketing Officer
CMP,Central Marketing Platform
CMQ,Central Marketing Quality
CMR,Central Marketing Repository
CMS,Content Management System
CMT,Central Marketing Technology
CMU,Carnegie Mellon University
CMV,Central Marketing Vehicle
CMW,Central Marketing Week
CMX,Central Marketing Exchange
CMY,Central Marketing Year
CMZ,Central Marketing Zone
CNA,Central Network Alliance
CNB,Central Network Board
CNC,Computer Numerical Control
CND,Central Network Development
CNE,Central Network Engineering
CNF,Central Network Framework
CNG,Compressed Natural Gas
CNH,Central Network Hub
CNI,Central Network Interface
CNJ,Central Network Journal
CNK,Central Network Kit
CNL,Central Network Laboratory
CNM,Central Network Management
CNN,Cable News Network
CNO,Chief Network Officer
CNP,Central Network Platform
CNQ,Central Network Quality
CNR,Central Network Repository
CNS,Central Nervous System
CNT,Central Network Technology
CNU,Central Network Unit
CNV,Central Network Vehicle
CNW,Central Network Week
CNX,Central Network Exchange
CNY,Chinese Yuan
CNZ,Central Network Zone
COA,Central Operations Alliance
COB,Central Operations Board
COC,Central Operations Center
COD,Cash On Delivery
COE,Central Operations Engineering
COF,Central Operations Framework
COG,Central Operations Group
COH,Central Operations Hub
COI,Central Operations Interface
COJ,Central Operations Journal
COK,Central Operations Kit
COL,Central Operations Laboratory
COM,Commercial
CON,Central Operations Network
COO,Chief Operating Officer
COP,Central Operations Platform
COQ,Central Operations Quality
COR,Central Operations Repository
COS,Central Operations System
COT,Central Operations Technology
COU,Central Operations Unit
COV,Central Operations Vehicle
COW,Central Operations Week
COX,Central Operations Exchange
COY,Central Operations Year
COZ,Central Operations Zone
CPA,Certified Public Accountant
CPB,Central Platform Board
CPC,Central Platform Center
CPD,Central Platform Development
CPE,Central Platform Engineering
CPF,Central Platform Framework
CPG,Central Platform Group
CPH,Copenhagen Airport
CPI,Consumer Price Index
CPJ,Central Platform Journal
CPK,Central Platform Kit
CPL,Central Platform Laboratory
CPM,Critical Path Method
CPN,Central Platform Network
CPO,Chief Procurement Officer
CPP,Central Platform Platform
CPQ,Central Platform Quality
CPR,Cardiopulmonary Resuscitation
CPS,Central Platform System
CPT,Central Platform Technology
CPU,Central Processing Unit
CPV,Central Platform Vehicle
CPW,Central Platform Week
CPX,Central Platform Exchange
CPY,Central Platform Year
CPZ,Central Platform Zone
CQA,Central Quality Alliance
CQB,Central Quality Board
CQC,Central Quality Center
CQD,Central Quality Development
CQE,Central Quality Engineering
CQF,Central Quality Framework
CQG,Central Quality Group
CQH,Central Quality Hub
CQI,Central Quality Interface
CQJ,Central Quality Journal
CQK,Central Quality Kit
CQL,Central Quality Laboratory
CQM,Central Quality Management
CQN,Central Quality Network
CQO,Central Quality Organization
CQP,Central Quality Platform
CQQ,Central Quality Qualification
CQR,Central Quality Repository
CQS,Central Quality System
CQT,Central Quality Technology
CQU,Central Quality Unit
CQV,Central Quality Vehicle
CQW,Central Quality Week
CQX,Central Quality Exchange
CQY,Central Quality Year
CQZ,Central Quality Zone
CRA,Central Research Alliance
CRB,Central Research Board
CRC,Cyclic Redundancy Check
CRD,Central Research Development
CRE,Central Research Engineering
CRF,Central Research Framework
CRG,Central Research Group
CRH,Central Research Hub
CRI,Central Research Interface
CRJ,Central Research Journal
CRK,Central Research Kit
CRL,Central Research Laboratory
CRM,Customer Relationship Management
CRN,Central Research Network
CRO,Central Research Organization
CRP,Central Research Platform
CRQ,Central Research Quality
CRR,Central Research Repository
CRS,Central Research System
CRT,Cathode Ray Tube
CRU,Central Research Unit
CRV,Central Research Vehicle
CRW,Central Research Week
CRX,Central Research Exchange
CRY,Central Research Year
CRZ,Central Research Zone
CSA,Central Security Alliance
CSB,Central Security Board
CSC,Central Security Center
CSD,Central Security Development
CSE,Central Security Engineering
CSF,Central Security Framework
CSG,Central Security Group
CSH,Central Security Hub
CSI,Crime Scene Investigation
CSJ,Central Security Journal
CSK,Central Security Kit
CSL,Central Security Laboratory
CSM,Central Security Management
CSN,Central Security Network
CSO,Chief Security Officer
CSP,Central Security Platform
CSQ,Central Security Quality
CSR,Corporate Social Responsibility
CSS,Cascading Style Sheets
CST,Central Standard Time
CSU,Central Security Unit
CSV,Comma Separated Values
CSW,Central Security Week
CSX,Central Security Exchange
CSY,Central Security Year
CSZ,Central Security Zone
CTA,Central Technology Alliance
CTB,Central Technology Board
CTC,Central Technology Center
CTD,Central Technology Development
CTE,Central Technology Engineering
CTF,Central Technology Framework
CTG,Central Technology Group
CTH,Central Technology Hub
CTI,Central Technology Interface
CTJ,Central Technology Journal
CTK,Central Technology Kit
CTL,Central Technology Laboratory
CTM,Central Technology Management
CTN,Central Technology Network
CTO,Chief Technology Officer
CTP,Central Technology Platform
CTQ,Central Technology Quality
CTR,Central Technology Repository
CTS,Central Technology System
CTT,Central Technology Test
CTU,Central Technology Unit
CTV,Central Technology Vehicle
CTW,Central Technology Week
CTX,Central Technology Exchange
CTY,Central Technology Year
CTZ,Central Technology Zone
CUA,Central User Alliance
CUB,Cuba
CUC,Central User Center
CUD,Central User Development
CUE,Central User Engineering
CUF,Central User Framework
CUG,Central User Group
CUH,Central User Hub
CUI,Central User Interface
CUJ,Central User Journal
CUK,Central User Kit
CUL,Central User Laboratory
CUM,Central User Management
CUN,Central User Network
CUO,Central User Organization
CUP,Central User Platform
CUQ,Central User Quality
CUR,Central User Repository
CUS,Central User System
CUT,Central User Technology
CUU,Central User Unit
CUV,Central User Vehicle
CUW,Central User Week
CUX,Central User Exchange
CUY,Central User Year
CUZ,Central User Zone
CVA,Central Value Alliance
CVB,Central Value Board
CVC,Central Value Center
CVD,Central Value Development
CVE,Central Value Engineering
CVF,Central Value Framework
CVG,Central Value Group
CVH,Central Value Hub
CVI,Central Value Interface
CVJ,Central Value Journal
CVK,Central Value Kit
CVL,Central Value Laboratory
CVM,Central Value Management
CVN,Central Value Network
CVO,Central Value Organization
CVP,Central Value Platform
CVQ,Central Value Quality
CVR,Central Value Repository
CVS,Central Value System
CVT,Central Value Technology
CVU,Central Value Unit
CVV,Card Verification Value
CVW,Central Value Week
CVX,Central Value Exchange
CVY,Central Value Year
CVZ,Central Value Zone
CWA,Central Web Alliance
CWB,Central Web Board
CWC,Central Web Center
CWD,Central Web Development
CWE,Central Web Engineering
CWF,Central Web Framework
CWG,Central Web Group
CWH,Central Web Hub
CWI,Central Web Interface
CWJ,Central Web Journal
CWK,Central Web Kit
CWL,Central Web Laboratory
CWM,Central Web Management
CWN,Central Web Network
CWO,Central Web Organization
CWP,Central Web Platform
CWQ,Central Web Quality
CWR,Central Web Repository
CWS,Central Web System
CWT,Central Web Technology
CWU,Central Web Unit
CWV,Central Web Vehicle
CWW,Central Web Week
CWX,Central Web Exchange
CWY,Central Web Year
CWZ,Central Web Zone
CXA,Central eXchange Alliance
CXB,Central eXchange Board
CXC,Central eXchange Center
CXD,Central eXchange Development
CXE,Central eXchange Engineering
CXF,Central eXchange Framework
CXG,Central eXchange Group
CXH,Central eXchange Hub
CXI,Central eXchange Interface
CXJ,Central eXchange Journal
CXK,Central eXchange Kit
CXL,Central eXchange Laboratory
CXM,Central eXchange Management
CXN,Central eXchange Network
CXO,Chief eXperience Officer
CXP,Central eXchange Platform
CXQ,Central eXchange Quality
CXR,Central eXchange Repository
CXS,Central eXchange System
CXT,Central eXchange Technology
CXU,Central eXchange Unit
CXV,Central eXchange Vehicle
CXW,Central eXchange Week
CXX,Central eXchange eXchange
CXY,Central eXchange Year
CXZ,Central eXchange Zone
CYA,Central Year Alliance
CYB,Central Year Board
CYC,Central Year Center
CYD,Central Year Development
CYE,Central Year Engineering
CYF,Central Year Framework
CYG,Central Year Group
CYH,Central Year Hub
CYI,Central Year Interface
CYJ,Central Year Journal
CYK,Central Year Kit
CYL,Central Year Laboratory
CYM,Central Year Management
CYN,Central Year Network
CYO,Central Year Organization
CYP,Cyprus
CYQ,Central Year Quality
CYR,Central Year Repository
CYS,Central Year System
CYT,Central Year Technology
CYU,Central Year Unit
CYV,Central Year Vehicle
CYW,Central Year Week
CYX,Central Year Exchange
CYY,Central Year Year
CYZ,Central Year Zone
CZA,Central Zone Alliance
CZB,Central Zone Board
CZC,Central Zone Center
CZD,Central Zone Development
CZE,Czech Republic
CZF,Central Zone Framework
CZG,Central Zone Group
CZH,Central Zone Hub
CZI,Central Zone Interface
CZJ,Central Zone Journal
CZK,Czech Koruna
CZL,Central Zone Laboratory
CZM,Central Zone Management
CZN,Central Zone Network
CZO,Central Zone Organization
CZP,Central Zone Platform
CZQ,Central Zone Quality
CZR,Central Zone Repository
CZS,Central Zone System
CZT,Central Zone Technology
CZU,Central Zone Unit
CZV,Central Zone Vehicle
CZW,Central Zone Week
CZX,Central Zone Exchange
CZY,Central Zone Year
CZZ,Central Zone Zone
