EAA,European Aviation Authority
EAB,European Aviation Board
EAC,East African Community
EAD,European Aviation Development
EAE,European Aviation Engineering
EAF,European Aviation Framework
EAG,European Aviation Group
EAH,European Aviation Hub
EAI,European Aviation Interface
EAJ,European Aviation Journal
EAK,European Aviation Kit
EAL,European Aviation Laboratory
EAM,European Aviation Management
EAN,European Article Number
EAO,European Aviation Organization
EAP,European Aviation Platform
EAQ,European Aviation Quality
EAR,European Aviation Repository
EAS,European Aviation System
EAT,European Aviation Technology
EAU,European Aviation Unit
EAV,European Aviation Vehicle
EAW,European Aviation Week
EAX,European Aviation Exchange
EAY,European Aviation Year
EAZ,European Aviation Zone
EBA,European Banking Authority
EBB,European Banking Board
EBC,European Banking Center
EBD,European Banking Development
EBE,European Banking Engineering
EBF,European Banking Framework
EBG,European Banking Group
EBH,European Banking Hub
EBI,European Banking Interface
EBJ,European Banking Journal
EBK,European Banking Kit
EBL,European Banking Laboratory
EBM,European Banking Management
EBN,European Banking Network
EBO,European Banking Organization
EBP,European Banking Platform
EBQ,European Banking Quality
EBR,European Banking Repository
EBS,European Banking System
EBT,European Banking Technology
EBU,European Broadcasting Union
EBV,European Banking Vehicle
EBW,European Banking Week
EBX,European Banking Exchange
EBY,European Banking Year
EBZ,European Banking Zone
ECA,European Communications Alliance
ECB,European Central Bank
ECC,Error Correcting Code
ECD,European Communications Development
ECE,European Communications Engineering
ECF,European Communications Framework
ECG,Electrocardiogram
ECH,European Communications Hub
ECI,European Communications Interface
ECJ,European Communications Journal
ECK,European Communications Kit
ECL,European Communications Laboratory
ECM,Enterprise Content Management
ECN,European Communications Network
ECO,European Communications Organization
ECP,European Communications Platform
ECQ,European Communications Quality
ECR,European Communications Repository
ECS,European Communications System
ECT,European Communications Technology
ECU,European Currency Unit
ECV,European Communications Vehicle
ECW,European Communications Week
ECX,European Communications Exchange
ECY,European Communications Year
ECZ,European Communications Zone
EDA,European Data Alliance
EDB,European Data Board
EDC,European Data Center
EDD,European Data Development
EDE,European Data Engineering
EDF,European Data Framework
EDG,European Data Group
EDH,European Data Hub
EDI,Electronic Data Interchange
EDJ,European Data Journal
EDK,European Data Kit
EDL,European Data Laboratory
EDM,Electronic Dance Music
EDN,European Data Network
EDO,European Data Organization
EDP,Electronic Data Processing
EDQ,European Data Quality
EDR,European Data Repository
EDS,Electronic Data System
EDT,Eastern Daylight Time
EDU,Education
EDV,European Data Vehicle
EDW,European Data Week
EDX,European Data Exchange
EDY,European Data Year
EDZ,European Data Zone
EEA,European Economic Area
EEB,European Engineering Board
EEC,European Economic Community
EED,European Engineering Development
EEE,European Engineering Excellence
EEF,European Engineering Framework
EEG,Electroencephalogram
EEH,European Engineering Hub
EEI,European Engineering Interface
EEJ,European Engineering Journal
EEK,European Engineering Kit
EEL,European Engineering Laboratory
EEM,European Engineering Management
EEN,European Engineering Network
EEO,Equal Employment Opportunity
EEP,European Engineering Platform
EEQ,European Engineering Quality
EER,European Engineering Repository
EES,European Engineering System
EET,European Engineering Technology
EEU,European Engineering Unit
EEV,European Engineering Vehicle
EEW,European Engineering Week
EEX,European Engineering Exchange
EEY,European Engineering Year
EEZ,Exclusive Economic Zone
EFA,European Finance Alliance
EFB,European Finance Board
EFC,European Finance Center
EFD,European Finance Development
EFE,European Finance Engineering
EFF,Electronic Frontier Foundation
EFG,European Finance Group
EFH,European Finance Hub
EFI,Extensible Firmware Interface
EFJ,European Finance Journal
EFK,European Finance Kit
EFL,European Finance Laboratory
EFM,European Finance Management
EFN,European Finance Network
EFO,European Finance Organization
EFP,European Finance Platform
EFQ,European Finance Quality
EFR,European Finance Repository
EFS,European Finance System
EFT,Electronic Funds Transfer
EFU,European Finance Unit
EFV,European Finance Vehicle
EFW,European Finance Week
EFX,European Finance Exchange
EFY,European Finance Year
EFZ,European Finance Zone
EGA,European Graphics Alliance
EGB,European Graphics Board
EGC,European Graphics Center
EGD,European Graphics Development
EGE,European Graphics Engineering
EGF,Epidermal Growth Factor
EGG,European Graphics Group
EGH,European Graphics Hub
EGI,European Graphics Interface
EGJ,European Graphics Journal
EGK,European Graphics Kit
EGL,European Graphics Laboratory
EGM,European Graphics Management
EGN,European Graphics Network
EGO,European Graphics Organization
EGP,European Graphics Platform
EGQ,European Graphics Quality
EGR,Exhaust Gas Recirculation
EGS,European Graphics System
EGT,European Graphics Technology
EGU,European Graphics Unit
EGV,European Graphics Vehicle
EGW,European Graphics Week
EGX,European Graphics Exchange
EGY,Egypt
EGZ,European Graphics Zone
EHA,European Health Alliance
EHB,European Health Board
EHC,European Health Center
EHD,European Health Development
EHE,European Health Engineering
EHF,European Health Framework
EHG,European Health Group
EHH,European Health Hub
EHI,European Health Interface
EHJ,European Health Journal
EHK,European Health Kit
EHL,European Health Laboratory
EHM,European Health Management
EHN,European Health Network
EHO,European Health Organization
EHP,European Health Platform
EHQ,European Health Quality
EHR,Electronic Health Record
EHS,European Health System
EHT,European Health Technology
EHU,European Health Unit
EHV,European Health Vehicle
EHW,European Health Week
EHX,European Health Exchange
EHY,European Health Year
EHZ,European Health Zone
EIA,Environmental Impact Assessment
EIB,European Investment Bank
EIC,European Intelligence Center
EID,European Intelligence Development
EIE,European Intelligence Engineering
EIF,European Intelligence Framework
EIG,European Intelligence Group
EIH,European Intelligence Hub
EII,European Intelligence Interface
EIJ,European Intelligence Journal
EIK,European Intelligence Kit
EIL,European Intelligence Laboratory
EIM,European Intelligence Management
EIN,Employer Identification Number
EIO,European Intelligence Organization
EIP,European Intelligence Platform
EIQ,European Intelligence Quality
EIR,European Intelligence Repository
EIS,European Intelligence System
EIT,European Intelligence Technology
EIU,European Intelligence Unit
EIV,European Intelligence Vehicle
EIW,European Intelligence Week
EIX,European Intelligence Exchange
EIY,European Intelligence Year
EIZ,European Intelligence Zone
EJA,European Justice Alliance
EJB,European Justice Board
EJC,European Justice Center
EJD,European Justice Development
EJE,European Justice Engineering
EJF,European Justice Framework
EJG,European Justice Group
EJH,European Justice Hub
EJI,European Justice Interface
EJJ,European Justice Journal
EJK,European Justice Kit
EJL,European Justice Laboratory
EJM,European Justice Management
EJN,European Justice Network
EJO,European Justice Organization
EJP,European Justice Platform
EJQ,European Justice Quality
EJR,European Justice Repository
EJS,European Justice System
EJT,European Justice Technology
EJU,European Justice Unit
EJV,European Justice Vehicle
EJW,European Justice Week
EJX,European Justice Exchange
EJY,European Justice Year
EJZ,European Justice Zone
EKA,European Knowledge Alliance
EKB,European Knowledge Board
EKC,European Knowledge Center
EKD,European Knowledge Development
EKE,European Knowledge Engineering
EKF,European Knowledge Framework
EKG,Electrocardiogram
EKH,European Knowledge Hub
EKI,European Knowledge Interface
EKJ,European Knowledge Journal
EKK,European Knowledge Kit
EKL,European Knowledge Laboratory
EKM,European Knowledge Management
EKN,European Knowledge Network
EKO,European Knowledge Organization
EKP,European Knowledge Platform
EKQ,European Knowledge Quality
EKR,European Knowledge Repository
EKS,European Knowledge System
EKT,European Knowledge Technology
EKU,European Knowledge Unit
EKV,European Knowledge Vehicle
EKW,European Knowledge Week
EKX,European Knowledge Exchange
EKY,European Knowledge Year
EKZ,European Knowledge Zone
ELA,European Legal Alliance
ELB,European Legal Board
ELC,European Legal Center
ELD,European Legal Development
ELE,European Legal Engineering
ELF,European Legal Framework
ELG,European Legal Group
ELH,European Legal Hub
ELI,European Legal Interface
ELJ,European Legal Journal
ELK,European Legal Kit
ELL,European Legal Laboratory
ELM,European Legal Management
ELN,European Legal Network
ELO,European Legal Organization
ELP,European Legal Platform
ELQ,European Legal Quality
ELR,European Legal Repository
ELS,European Legal System
ELT,European Legal Technology
ELU,European Legal Unit
ELV,European Legal Vehicle
ELW,European Legal Week
ELX,European Legal Exchange
ELY,European Legal Year
ELZ,European Legal Zone
EMA,European Medicines Agency
EMB,European Management Board
EMC,Electromagnetic Compatibility
EMD,European Management Development
EME,European Management Engineering
EMF,Electromotive Force
EMG,European Management Group
EMH,European Management Hub
EMI,Electromagnetic Interference
EMJ,European Management Journal
EMK,European Management Kit
EML,European Management Laboratory
EMM,European Management Module
EMN,European Management Network
EMO,European Management Organization
EMP,Electromagnetic Pulse
EMQ,European Management Quality
EMR,Electronic Medical Record
EMS,Emergency Medical Services
EMT,Emergency Medical Technician
EMU,European Monetary Union
EMV,Europay Mastercard Visa
EMW,European Management Week
EMX,European Management Exchange
EMY,European Management Year
EMZ,European Management Zone
ENA,European Network Alliance
ENB,European Network Board
ENC,European Network Center
END,European Network Development
ENE,European Network Engineering
ENF,European Network Framework
ENG,England
ENH,European Network Hub
ENI,European Network Interface
ENJ,European Network Journal
ENK,European Network Kit
ENL,European Network Laboratory
ENM,European Network Management
ENN,European Network News
ENO,European Network Organization
ENP,European Network Platform
ENQ,European Network Quality
ENR,European Network Repository
ENS,European Network System
ENT,European Network Technology
ENU,European Network Unit
ENV,Environment
ENW,European Network Week
ENX,European Network Exchange
ENY,European Network Year
ENZ,European Network Zone
EOA,European Operations Alliance
EOB,European Operations Board
EOC,European Operations Center
EOD,End of Day
EOE,European Operations Engineering
EOF,End of File
EOG,European Operations Group
EOH,European Operations Hub
EOI,European Operations Interface
EOJ,European Operations Journal
EOK,European Operations Kit
EOL,End of Line
EOM,End of Message
EON,European Operations Network
EOO,European Operations Organization
EOP,European Operations Platform
EOQ,European Operations Quality
EOR,European Operations Repository
EOS,European Operations System
EOT,European Operations Technology
EOU,European Operations Unit
EOV,European Operations Vehicle
EOW,European Operations Week
EOX,European Operations Exchange
EOY,European Operations Year
EOZ,European Operations Zone
EPA,Environmental Protection Agency
EPB,European Platform Board
EPC,Electronic Product Code
EPD,European Platform Development
EPE,European Platform Engineering
EPF,European Platform Framework
EPG,European Platform Group
EPH,European Platform Hub
EPI,European Platform Interface
EPJ,European Platform Journal
EPK,European Platform Kit
EPL,European Platform Laboratory
EPM,European Platform Management
EPN,European Platform Network
EPO,European Patent Office
EPP,European Platform Platform
EPQ,European Platform Quality
EPR,European Platform Repository
EPS,Earnings Per Share
EPT,European Platform Technology
EPU,European Platform Unit
EPV,European Platform Vehicle
EPW,European Platform Week
EPX,European Platform Exchange
EPY,European Platform Year
EPZ,European Platform Zone
EQA,European Quality Alliance
EQB,European Quality Board
EQC,European Quality Center
EQD,European Quality Development
EQE,European Quality Engineering
EQF,European Quality Framework
EQG,European Quality Group
EQH,European Quality Hub
EQI,European Quality Interface
EQJ,European Quality Journal
EQK,European Quality Kit
EQL,European Quality Laboratory
EQM,European Quality Management
EQN,European Quality Network
EQO,European Quality Organization
EQP,European Quality Platform
EQQ,European Quality Qualification
EQR,European Quality Repository
EQS,European Quality System
EQT,European Quality Technology
EQU,European Quality Unit
EQV,European Quality Vehicle
EQW,European Quality Week
EQX,European Quality Exchange
EQY,European Quality Year
EQZ,European Quality Zone
ERA,European Research Alliance
ERB,European Research Board
ERC,European Research Center
ERD,Entity Relationship Diagram
ERE,European Research Engineering
ERF,European Research Framework
ERG,European Research Group
ERH,European Research Hub
ERI,European Research Interface
ERJ,European Research Journal
ERK,European Research Kit
ERL,European Research Laboratory
ERM,Enterprise Risk Management
ERN,European Research Network
ERO,European Research Organization
ERP,Enterprise Resource Planning
ERQ,European Research Quality
ERR,European Research Repository
ERS,European Research System
ERT,European Research Technology
ERU,European Research Unit
ERV,European Research Vehicle
ERW,European Research Week
ERX,European Research Exchange
ERY,European Research Year
ERZ,European Research Zone
ESA,European Space Agency
ESB,European Security Board
ESC,European Security Center
ESD,European Security Development
ESE,European Security Engineering
ESF,European Security Framework
ESG,European Security Group
ESH,European Security Hub
ESI,European Security Interface
ESJ,European Security Journal
ESK,European Security Kit
ESL,English as Second Language
ESM,European Security Management
ESN,European Security Network
ESO,European Security Organization
ESP,European Security Platform
ESQ,European Security Quality
ESR,European Security Repository
ESS,European Security System
EST,Eastern Standard Time
ESU,European Security Unit
ESV,European Security Vehicle
ESW,European Security Week
ESX,European Security Exchange
ESY,European Security Year
ESZ,European Security Zone
ETA,Estimated Time of Arrival
ETB,European Technology Board
ETC,Et Cetera
ETD,European Technology Development
ETE,European Technology Engineering
ETF,Exchange Traded Fund
ETG,European Technology Group
ETH,Ethereum
ETI,European Technology Interface
ETJ,European Technology Journal
ETK,European Technology Kit
ETL,Extract Transform Load
ETM,European Technology Management
ETN,European Technology Network
ETO,European Technology Organization
ETP,European Technology Platform
ETQ,European Technology Quality
ETR,European Technology Repository
ETS,European Technology System
ETT,European Technology Test
ETU,European Technology Unit
ETV,European Technology Vehicle
ETW,European Technology Week
ETX,European Technology Exchange
ETY,European Technology Year
ETZ,European Technology Zone
EUA,European User Alliance
EUB,European User Board
EUC,European User Center
EUD,European User Development
EUE,European User Engineering
EUF,European User Framework
EUG,European User Group
EUH,European User Hub
EUI,European User Interface
EUJ,European User Journal
EUK,European User Kit
EUL,European User Laboratory
EUM,European User Management
EUN,European User Network
EUO,European User Organization
EUP,European User Platform
EUQ,European User Quality
EUR,Euro
EUS,European User System
EUT,European User Technology
EUU,European User Unit
EUV,European User Vehicle
EUW,European User Week
EUX,European User Exchange
EUY,European User Year
EUZ,European User Zone
EVA,European Value Alliance
EVB,European Value Board
EVC,European Value Center
EVD,European Value Development
EVE,European Value Engineering
EVF,European Value Framework
EVG,European Value Group
EVH,European Value Hub
EVI,European Value Interface
EVJ,European Value Journal
EVK,European Value Kit
EVL,European Value Laboratory
EVM,European Value Management
EVN,European Value Network
EVO,European Value Organization
EVP,European Value Platform
EVQ,European Value Quality
EVR,European Value Repository
EVS,European Value System
EVT,European Value Technology
EVU,European Value Unit
EVV,European Value Vehicle
EVW,European Value Week
EVX,European Value Exchange
EVY,European Value Year
EVZ,European Value Zone
EWA,European Web Alliance
EWB,European Web Board
EWC,European Web Center
EWD,European Web Development
EWE,European Web Engineering
EWF,European Web Framework
EWG,European Web Group
EWH,European Web Hub
EWI,European Web Interface
EWJ,European Web Journal
EWK,European Web Kit
EWL,European Web Laboratory
EWM,European Web Management
EWN,European Web Network
EWO,European Web Organization
EWP,European Web Platform
EWQ,European Web Quality
EWR,European Web Repository
EWS,European Web System
EWT,European Web Technology
EWU,European Web Unit
EWV,European Web Vehicle
EWW,European Web Week
EWX,European Web Exchange
EWY,European Web Year
EWZ,European Web Zone
EXA,European eXchange Alliance
EXB,European eXchange Board
EXC,European eXchange Center
EXD,European eXchange Development
EXE,Executable
EXF,European eXchange Framework
EXG,European eXchange Group
EXH,European eXchange Hub
EXI,European eXchange Interface
EXJ,European eXchange Journal
EXK,European eXchange Kit
EXL,European eXchange Laboratory
EXM,European eXchange Management
EXN,European eXchange Network
EXO,European eXchange Organization
EXP,European eXchange Platform
EXQ,European eXchange Quality
EXR,European eXchange Repository
EXS,European eXchange System
EXT,European eXchange Technology
EXU,European eXchange Unit
EXV,European eXchange Vehicle
EXW,European eXchange Week
EXX,European eXchange eXchange
EXY,European eXchange Year
EXZ,European eXchange Zone
EYA,European Year Alliance
EYB,European Year Board
EYC,European Year Center
EYD,European Year Development
EYE,European Year Engineering
EYF,European Year Framework
EYG,European Year Group
EYH,European Year Hub
EYI,European Year Interface
EYJ,European Year Journal
EYK,European Year Kit
EYL,European Year Laboratory
EYM,European Year Management
EYN,European Year Network
EYO,European Year Organization
EYP,European Year Platform
EYQ,European Year Quality
EYR,European Year Repository
EYS,European Year System
EYT,European Year Technology
EYU,European Year Unit
EYV,European Year Vehicle
EYW,European Year Week
EYX,European Year Exchange
EYY,European Year Year
EYZ,European Year Zone
EZA,European Zone Alliance
EZB,European Zone Board
EZC,European Zone Center
EZD,European Zone Development
EZE,European Zone Engineering
EZF,European Zone Framework
EZG,European Zone Group
EZH,European Zone Hub
EZI,European Zone Interface
EZJ,European Zone Journal
EZK,European Zone Kit
EZL,European Zone Laboratory
EZM,European Zone Management
EZN,European Zone Network
EZO,European Zone Organization
EZP,European Zone Platform
EZQ,European Zone Quality
EZR,European Zone Repository
EZS,European Zone System
EZT,European Zone Technology
EZU,European Zone Unit
EZV,European Zone Vehicle
EZW,European Zone Week
EZX,European Zone Exchange
EZY,European Zone Year
EZZ,European Zone Zone
