GAA,Gaelic Athletic Association
GAB,Gift and Basket
GAC,Guitar Amplifier Cabinet
GAD,Generalized Anxiety Disorder
GAE,Google App Engine
GAF,German Air Force
GAG,Joke or Prank
GAH,General Animal Hospital
GAI,Guaranteed Annual Income
GAJ,Jamaican Government Agency
GAK,Sticky Substance
GAL,Gallon
GAM,Video Game
GAN,Generative Adversarial Network
GAO,Government Accountability Office
GAP,Clothing Store Chain
GAQ,Quality Assurance Group
GAR,Fish Species
GAS,Gasoline
GAT,Graduate Aptitude Test
GAU,Gatling Gun Unit
GAV,Gavage Feeding
GAW,Gross Annual Wage
GAX,Galaxy Express
GAY,Happy
GAZ,Russian Vehicle Manufacturer
GBA,Game Boy Advance
GBB,Great Blue Heron
GBC,Game Boy Color
GBD,Global Burden Disease
GBE,Knight Grand Cross
GBF,Gay Best Friend
GBG,Gothenburg Sweden
GBH,Grievous Bodily Harm
GBI,Georgia Bureau Investigation
GBJ,Jelly Bean Green
GBK,Kebab House Green
GBL,Global Business Leader
GBM,Glioblastoma Multiforme
GBN,Green Building Network
GBO,Government Budget Office
GBP,British Pound Sterling
GBQ,Barbecue Grill Green
GBR,Great Britain
GBS,Group B Streptococcus
GBT,Gay Bisexual Transgender
GBU,Guided Bomb Unit
GBV,Gender Based Violence
GBW,Green Building Week
GBX,Pence Sterling
GBY,Goodbye
GBZ,Green Building Zone
GCA,Ground Controlled Approach
GCB,Grand Cross Bath
GCC,Gulf Cooperation Council
GCD,Greatest Common Divisor
GCE,General Certificate Education
GCF,Greatest Common Factor
GCG,Glucose Control Group
GCH,Guinness Champion Hurdle
GCI,Ground Control Intercept
GCJ,Google Code Jam
GCK,Ground Control Kit
GCL,Glasgow Celtic League
GCM,Global Climate Model
GCN,Game Cube Network
GCO,Guitar Center Online
GCP,Google Cloud Platform
GCQ,General Community Quarantine
GCR,Galactic Cosmic Ray
GCS,Glasgow Coma Scale
GCT,Greenwich Civil Time
GCU,Glasgow Caledonian University
GCV,Gross Calorific Value
GCW,Gross Combined Weight
GCX,Commodity Exchange
GCY,Grocery
GCZ,Gaza Strip
GDA,Guideline Daily Amount
GDB,GNU Debugger
GDC,Game Developers Conference
GDD,Global Development Delay
GDE,Gross Domestic Expenditure
GDF,Gas Distribution Framework
GDG,Google Developer Group
GDH,Glutamate Dehydrogenase
GDI,Graphics Device Interface
GDJ,Jeddah Airport
GDK,GIMP Development Kit
GDL,Guadalajara Airport
GDM,Gestational Diabetes Mellitus
GDN,Guardian News
GDO,Genetically Modified Organism
GDP,Gross Domestic Product
GDQ,Games Done Quick
GDR,German Democratic Republic
GDS,Global Distribution System
GDT,Global Descriptor Table
GDU,Gross Duty Unit
GDV,Gastric Dilatation Volvulus
GDW,Gross Dry Weight
GDX,Gold Miners Index
GDY,Gadfly
GDZ,Gediz River
GEA,German Equipment Association
GEB,Geb Egyptian God
GEC,General Electric Company
GED,General Educational Development
GEE,Gee Expression
GEF,Global Environment Facility
GEG,Pristina Airport
GEH,Good Evening Hour
GEI,Gender Equality Index
GEJ,Gastroesophageal Junction
GEK,Greek Drachma
GEL,Georgian Lari
GEM,Gemstone
GEN,Generation
GEO,Geography
GEP,Good Engineering Practice
GEQ,Greater Equal
GER,Germany
GES,Guess
GET,Retrieve
GEU,Geopolitical Unit
GEV,Giga Electron Volt
GEW,Gross Energy Worth
GEX,Gender Expression
GEY,Geyser
GEZ,Geez Language
GFA,Goal For Average
GFB,Gluten Free Bread
GFC,Global Financial Crisis
GFD,Gluten Free Diet
GFE,Girlfriend Experience
GFF,General Feature Format
GFG,Go For Gold
GFH,Gulf Finance House
GFI,Ground Fault Interrupter
GFJ,Green Fruit Juice
GFK,Growth for Kids
GFL,Green Football League
GFM,GitHub Flavored Markdown
GFN,GeForce Now
GFO,Good Faith Offer
GFP,Green Fluorescent Protein
GFQ,Graphics Frequency Quality
GFR,Glomerular Filtration Rate
GFS,Global Forecast System
GFT,Gift
GFU,Graphics Processing Unit
GFV,Good Faith Violation
GFW,Great Firewall
GFX,Graphics Effects
GFY,Go For Yourself
GFZ,GeoForschungsZentrum
GGA,Golf Galaxy Association
GGB,Golden Gate Bridge
GGC,Good Game Company
GGD,Good Game Design
GGE,Good Game Everyone
GGF,Good Game Friends
GGG,Good Game Group
GGH,Good Game Hour
GGI,Good Game Interface
GGJ,Global Game Jam
GGK,Good Game Kids
GGL,Google
GGM,Good Game Match
GGN,Good Game Network
GGO,Good Game Online
GGP,Good Game Platform
GGQ,Good Game Quality
GGR,Good Game Replay
GGS,Good Game Series
GGT,Gamma Glutamyl Transferase
GGU,Good Game Unity
GGV,Good Game Victory
GGW,Good Game Week
GGX,Good Game eXtreme
GGY,Guernsey
GGZ,Good Game Zone
GHA,Ghana
GHB,Gamma Hydroxybutyrate
GHC,Glasgow Haskell Compiler
GHD,Growth Hormone Deficiency
GHE,Greenhouse Effect
GHF,Global Heritage Fund
GHG,Greenhouse Gas
GHH,Good Health Hub
GHI,Global Health Initiative
GHJ,Keyboard Key
GHK,Goldman Hodgkin Katz
GHL,Global Health Leadership
GHM,Global Health Media
GHN,Global Health Network
GHO,Ghost
GHP,Geothermal Heat Pump
GHQ,General Headquarters
GHR,Growth Hormone Receptor
GHS,Globally Harmonized System
GHT,Global Health Technology
GHU,Global Health Unit
GHV,Global Health Village
GHW,Global Health Week
GHX,Global Healthcare Exchange
GHY,Global Health Year
GHZ,Gigahertz
GIA,Gemological Institute America
GIB,Gibraltar
GIC,Government Investment Corporation
GID,Gender Identity Disorder
GIE,Global Investment Exchange
GIF,Graphics Interchange Format
GIG,Gigabyte
GIH,Global Investment Hub
GII,Global Innovation Index
GIJ,Global Investigative Journalism
GIK,Gifts in Kind
GIL,Gill
GIM,Global Investment Management
GIN,Gin
GIO,Global Investment Office
GIP,Gibraltar Pound
GIQ,Global Investment Quality
GIR,Invader Zim Robot
GIS,Geographic Information System
GIT,Version Control System
GIU,Global Investment Unit
GIV,Give
GIW,Global Investment Week
GIX,Global Internet Exchange
GIY,Grow It Yourself
GIZ,German Development Cooperation
GJA,Gujarat Association
GJB,Gujarat Board
GJC,Gujarat Corporation
GJD,Gujarat Development
GJE,Gujarat Engineering
GJF,Gujarat Foundation
GJG,Gujarat Government
GJH,Gujarat Health
GJI,Gujarat Industries
GJJ,Gujarat Journal
GJK,Gujarat Kit
GJL,Gujarat Limited
GJM,Gujarat Motors
GJN,Gujarat News
GJO,Gujarat Organization
GJP,Gujarat Police
GJQ,Gujarat Quality
GJR,Gujarat Railway
GJS,Gujarat State
GJT,Gujarat Transport
GJU,Gujarat University
GJV,Gujarat Village
GJW,Gujarat Water
GJX,Gujarat Express
GJY,Gujarat Year
GJZ,Gujarat Zone
GKA,Greek Kappa Alpha
GKB,Greek Knowledge Base
GKC,Gilbert Keith Chesterton
GKD,Greek Knowledge Database
GKE,Google Kubernetes Engine
GKF,Greek Knowledge Framework
GKG,Greek Knowledge Group
GKH,Greek Knowledge Hub
GKI,Greek Knowledge Interface
GKJ,Greek Knowledge Journal
GKK,Greek Knowledge Kit
GKL,Greek Knowledge Laboratory
GKM,Greek Knowledge Management
GKN,Guest Keen Nettlefolds
GKO,Greek Knowledge Organization
GKP,Greek Knowledge Platform
GKQ,Greek Knowledge Quality
GKR,Greek Knowledge Repository
GKS,Graphics Kernel System
GKT,Guy's King's Thomas
GKU,Greek Knowledge Unit
GKV,Greek Knowledge Vehicle
GKW,Greek Knowledge Week
GKX,Greek Knowledge Exchange
GKY,Greek Knowledge Year
GKZ,Greek Knowledge Zone
GLA,Glasgow
GLB,Global
GLC,Gas Liquid Chromatography
GLD,Gold
GLE,Mercedes GLE Class
GLF,Gulf
GLG,Gulliver
GLH,Great Lakes Hospitality
GLI,Glycemic Load Index
GLJ,Glass Jar
GLK,Mercedes GLK Class
GLL,Global Language Learning
GLM,Generalized Linear Model
GLN,Glutamine
GLO,Global
GLP,Good Laboratory Practice
GLQ,Global Leadership Quality
GLR,Generalized LR Parser
GLS,Generalized Least Squares
GLT,Glucose Tolerance
GLU,Glutamic Acid
GLV,Glove
GLW,Glow
GLX,OpenGL Extension
GLY,Glycine
GLZ,Glaze
GMA,Good Morning America
GMB,General Municipal Boilermakers
GMC,General Motors Corporation
GMD,German Mark
GME,GameStop Entertainment
GMF,GIMP Metadata Format
GMG,Green Man Gaming
GMH,General Motors Holden
GMI,Global Monitoring Initiative
GMJ,Government Medical Journal
GMK,Mechanical Keyboard
GML,Geography Markup Language
GMM,Gaussian Mixture Model
GMN,Global Monitoring Network
GMO,Genetically Modified Organism
GMP,Good Manufacturing Practice
GMQ,Global Monitoring Quality
GMR,Giant Magnetoresistance
GMS,Global Mobile System
GMT,Greenwich Mean Time
GMU,George Mason University
GMV,Gross Merchandise Value
GMW,General Motors Worldwide
GMX,German Mail Exchange
GMY,Germany
GMZ,Gamez
GNA,Ghana News Agency
GNB,Guinea Bissau
GNC,General Nutrition Centers
GND,Ground
GNE,Government Northeast
GNF,Guinean Franc
GNG,Going
GNH,Gross National Happiness
GNI,Gross National Income
GNJ,Government New Jersey
GNK,Dinamo Zagreb
GNL,Liquefied Natural Gas
GMM,GNU Make Manual
GNN,Graph Neural Network
GNO,Gnostic
GNP,Gross National Product
GNQ,Equatorial Guinea
GNR,Guns N Roses
GNS,Global Navigation Satellite
GNT,Golem Network Token
GNU,GNU Not Unix
GNV,Gainesville
GNW,Good News Week
GNX,Generation Next
GNY,Government New York
GNZ,Government New Zealand
GOA,Goa India
GOB,Government Office Building
GOC,General Officer Commanding
GOD,God
GOE,Government Office Equipment
GOF,Gang of Four
GOG,Good Old Games
GOH,Guest of Honor
GOI,Government of India
GOJ,Government of Jamaica
GOK,Government of Kenya
GOL,Goal
GOM,Gulf of Mexico
GON,Government Office Network
GOO,Google
GOP,Grand Old Party
GOQ,Government Office Quality
GOR,Government Office Repository
GOS,Government Office System
GOT,Game of Thrones
GOU,Government Office Unit
GOV,Government
GOW,God of War
GOX,Government Office Exchange
GOY,Government Office Year
GOZ,Government Office Zone
GPA,Grade Point Average
GPB,Georgian Public Broadcasting
GPC,General Purpose Computer
GPD,Gallons Per Day
GPE,Global Partnership Education
GPF,General Protection Fault
GPG,GNU Privacy Guard
GPH,Gallons Per Hour
GPI,Genuine Progress Indicator
GPJ,General Purpose Journal
GPK,General Purpose Kit
GPL,General Public License
GPM,Gallons Per Minute
GPN,Global Payment Network
GPO,Government Printing Office
GPP,Gross Primary Production
GPQ,General Purpose Quality
GPR,Ground Penetrating Radar
GPS,Global Positioning System
GPT,Generative Pre-trained Transformer
GPU,Graphics Processing Unit
GPV,General Purpose Vehicle
GPW,General Purpose Week
GPX,GPS Exchange Format
GPY,General Purpose Year
GPZ,General Purpose Zone
GQA,Global Quality Assurance
GQB,Global Quality Board
GQC,Global Quality Control
GQD,Global Quality Development
GQE,Global Quality Engineering
GQF,Global Quality Framework
GQG,Global Quality Group
GQH,Global Quality Hub
GQI,Global Quality Interface
GQJ,Global Quality Journal
GQK,Global Quality Kit
GQL,GraphQL Query Language
GQM,Global Quality Management
GQN,Global Quality Network
GQO,Global Quality Organization
GQP,Global Quality Platform
GQQ,Global Quality Qualification
GQR,Global Quality Repository
GQS,Global Quality System
GQT,Global Quality Technology
GQU,Global Quality Unit
GQV,Global Quality Vehicle
GQW,Global Quality Week
GQX,Global Quality Exchange
GQY,Global Quality Year
GQZ,Global Quality Zone
GRA,Gamma Ray Astronomy
GRB,Gamma Ray Burst
GRC,Governance Risk Compliance
GRD,Ground
GRE,Graduate Record Examination
GRF,Growth Factor
GRG,Garage
GRH,Growth Hormone
GRI,Global Reporting Initiative
GRJ,Garage Journal
GRK,Greek
GRL,Greenland
GRM,Grams
GRN,Green
GRO,Grocery
GRP,Glass Reinforced Plastic
GRQ,Groningen Airport
GRR,Grand Rapids Airport
GRS,Global Reporting Standard
GRT,Gross Register Tonnage
GRU,Sao Paulo Airport
GRV,Groove
GRW,Growth
GRX,Graphics Extension
GRY,Gray
GRZ,Grass
GSA,General Services Administration
GSB,Graduate School Business
GSC,Girl Scout Cookies
GSD,German Shepherd Dog
GSE,Ground Support Equipment
GSF,Gross Square Footage
GSG,Gun Shot Gunshot
GSH,Glutathione
GSI,Government Scientific Index
GSJ,Geological Survey Japan
GSK,GlaxoSmithKline
GSL,GNU Scientific Library
GSM,Global System Mobile
GSN,Game Show Network
GSO,Greensboro Airport
GSP,Generalized System Preferences
GSQ,Geological Survey Queensland
GSR,Galvanic Skin Response
GSS,General Social Survey
GST,Goods Services Tax
GSU,Georgia Southern University
GSV,Google Street View
GSW,Golden State Warriors
GSX,Suzuki Motorcycle
GSY,Guernsey
GSZ,Gaza Strip Zone
GTA,Grand Theft Auto
GTB,Guaranty Trust Bank
GTC,Good Till Cancelled
GTD,Getting Things Done
GTE,General Telephone Electronics
GTF,General Transcription Factor
GTG,Got To Go
GTH,Go To Hell
GTI,Gran Turismo Injection
GTJ,Government Technology Journal
GTK,GIMP Toolkit
GTL,Gas To Liquids
GTM,Google Tag Manager
GTN,Global Trade Network
GTO,Gran Turismo Omologato
GTP,Guanosine Triphosphate
GTQ,Guatemalan Quetzal
GTR,Guitar
GTS,Gran Turismo Sport
GTT,Good Till Time
GTU,Gujarat Technological University
GTV,Gran Turismo Veloce
GTW,Gateway
GTX,GeForce GTX
GTY,Getty Images
GTZ,German Technical Cooperation
GUA,Guatemala
GUB,Government Unity Building
GUC,German University Cairo
GUD,Good
GUE,Guess
GUF,French Guiana
GUG,Start Codon
GUH,Guh Expression
GUI,Graphical User Interface
GUJ,Gujarat
GUK,United Kingdom
GUL,Gulf
GUM,Guam
GUN,Gun
GUO,Guo Surname
GUP,Guppy
GUQ,Unique Quality
GUR,Guru
GUS,Augustus
GUT,Gut
GUU,Genetic Code
GUV,Guv
GUW,Government Unity Week
GUX,Government Unity Exchange
GUY,Guy
GUZ,Government Unity Zone
GVA,Geneva Airport
GVB,Government Vehicle Board
GVC,Government Vehicle Center
GVD,Government Vehicle Development
GVE,Government Vehicle Engineering
GVF,Government Vehicle Framework
GVG,Government Vehicle Group
GVH,Graft Versus Host
GVI,Government Vehicle Interface
GVJ,Government Vehicle Journal
GVK,Government Vehicle Kit
GVL,Government Vehicle Laboratory
GVM,Gross Vehicle Mass
GVN,Government Vehicle Network
GVO,Government Vehicle Organization
GVP,Government Vehicle Platform
GVQ,Government Vehicle Quality
GVR,Government Vehicle Repository
GVS,Government Vehicle System
GVT,Government
GVU,Government Vehicle Unit
GVV,Government Vehicle Vehicle
GVW,Gross Vehicle Weight
GVX,Government Vehicle Exchange
GVY,Government Vehicle Year
GVZ,Government Vehicle Zone
GWA,Great Wall of America
GWB,George Washington Bridge
GWC,Great Western Conference
GWD,Groundwater Depletion
GWE,Great Western Express
GWF,Great Western Forum
GWG,Great White Group
GWH,Gigawatt Hour
GWI,Great Wall Industries
GWJ,Great Wall Journal
GWK,Indonesian Rupiah
GWL,Great Wall Limited
GWM,Great Wall Motors
GWN,Great Wall Network
GWO,Great Wall Organization
GWP,Global Warming Potential
GWQ,Great Wall Quality
GWR,Great Western Railway
GWS,Great White Shark
GWT,Google Web Toolkit
GWU,George Washington University
GWV,Great Wall Vehicle
GWW,Great Wall Week
GWX,Great Wall Exchange
GWY,Gateway
GWZ,Great Wall Zone
GXA,Galaxy Alliance
GXB,Galaxy Board
GXC,Galaxy Center
GXD,Galaxy Development
GXE,Galaxy Engineering
GXF,Galaxy Framework
GXG,Galaxy Group
GXH,Galaxy Hub
GXI,Galaxy Interface
GXJ,Galaxy Journal
GXK,Galaxy Kit
GXL,Galaxy Laboratory
GXM,Galaxy Management
GXN,Galaxy Network
GXO,Galaxy Organization
GXP,Galaxy Platform
GXQ,Galaxy Quality
GXR,Galaxy Repository
GXS,Galaxy System
GXT,Galaxy Technology
GXU,Galaxy Unit
GXV,Galaxy Vehicle
GXW,Galaxy Week
GXX,Galaxy eXchange
GXY,Galaxy
GXZ,Galaxy Zone
GYA,Guyana
GYB,Gym Buddy
GYC,Gym Club
GYD,Guyanese Dollar
GYE,Guayaquil Airport
GYF,Gym Fitness
GYG,Gym Group
GYH,Gym Hub
GYI,Gym Interface
GYJ,Gym Journal
GYK,Gym Kit
GYL,Gym Laboratory
GYM,Gymnasium
GYN,Gynecology
GYO,Gym Organization
GYP,Gypsum
GYQ,Gym Quality
GYR,Gyroscope
GYS,Gym System
GYT,Gym Technology
GYU,Gym Unit
GYV,Gym Vehicle
GYW,Gym Week
GYX,Gym Exchange
GYY,Gym Year
GYZ,Gym Zone
GZA,Gaza Strip
GZB,Ghaziabad India
GZC,Grizzly Bear Cave
GZD,Puzzle Difficulty
GZE,Gaze Emotionally
GZF,Frozen Gazpacho
GZG,Zigzag Pattern
GZH,Hazmat Storage
GZI,Pizza Ingredient
GZJ,Jazz Guitar
GZK,Kazakh Language
GZL,Laser Beam
GZM,Maze Runner
GZN,Neon Sign
GZO,Ozone Layer
GZP,Prize Winner
GZQ,Quiz Question
GZR,Razor Sharp
GZS,Size Extra Large
GZT,Aztec Temple
GZU,Ubuntu Linux
GZV,Vampire Movie
GZW,Wizard Hat
GZX,Xbox Controller
GZY,Fizzy Drink
GZZ,Buzz Sound
